,sector,baseKAP
0,CONST,15508.84078
1,RETAIL,129379.1604
2,SERV,277725.6982
3,HEALTH,55109.39827
4,ACCOM,215083.7077
5,REST,72198.47741
6,AGRI,747.191636
7,MANUF,23093.26844
8,UTIL,6019.08281
9,HS,749991.1156
