sector,value
CONST,70367.49597
RETAIL,90093.71285
SERV,201144.4961
HEALTH,85772.55085
ACCOM,32232.93426
REST,126129.6178
AGRI,8878.089213
MANUF,129449.3098
UTIL,3918.383112
HS,1127171.08