,sector,value
0,CONST,70367.49597
1,RETAIL,90093.71285
2,SERV,201144.4961
3,HEALTH,85772.55085
4,ACCOM,32232.93426
5,REST,126129.6178
6,AGRI,8878.089213
7,MANUF,129449.3098
8,UTIL,3918.383112
9,HS,1127171.08
