,household,value
0,HH1,704.8255678698948
1,HH2,8254.071053465397
2,HH3,40107.36188990106
3,HH4,24625.280207310592
4,HH5,81316.71672840853
