,sector,baseKAP
0,AG_MIN,13.71604
1,UTIL_CONS,334.2707
2,MANU,679.328
3,WHOLE,435.7134
4,RETAIL,1047.724
5,TRANS,226.8709
6,INFO,162.6365
7,FINANCE,248.7325
8,REALE,152.5482
9,PROF_MAN,165.6483
10,ADMIN_EDU,410.688
11,HEALTH,470.7956
12,ART,65.48041
13,ACCO,266.3136
14,OTHER,424.3918
15,HS1,564.678
16,HS2,901.6777
17,HS3,799.9431
18,HS4,1811.061
