,sector,baseKAP
0,AG_MIN,7.530259164
1,UTIL_CONS,114.5791946
2,MANU,640.8047102
3,WHOLE,580.117871
4,RETAIL,1113.884815
5,TRANS,247.6179499
6,INFO,168.2107127
7,FINANCE,166.1392265
8,REALE,111.3663128
9,PROF_MAN,110.4881089
10,ADMIN_EDU,369.9734177
11,HEALTH,596.4218767
12,ART,63.20249818
13,ACCO,372.402468
14,OTHER,417.7524372
15,HS1,968.5177702
16,HS2,530.2815926
17,HS3,890.5163487
18,HS4,1718.109817
