Testbed,Hazard,Model_Type,Model_Name,(Intercept),AG_MIN,UTIL_CONS,MANU,WHOLE,RETAIL,TRANS,INFO,FINANCE,REALE,PROF_MAN,ADMIN_EDU,HEALTH,ART,ACCO,OTHER,HS1,HS2,HS3,HS4
Joplin,tornado,main_model,totDY,0.185008037,-0.009912462,-0.045371082,-0.002376796,-0.004323141,-0.004141102,-0.003150983,-0.012606595,-0.021321492,-0.042993256,-0.003199054,-0.006019768,-0.013085948,-0.016771856,-0.012315483,-0.005263774,-0.011061299,-0.048155276,-0.031236544,-0.016270902
Joplin,tornado,sector_model,DY _ HH1,0.000242316,0,-7.62E-05,0,-4.66E-05,-3.92E-05,0,0,-3.90E-06,0,0,-9.11E-05,-1.69E-05,0,-0.000601076,-0.000134215,4.44354825151179e-05,0.000499933,0.000293903,0.000118712
Joplin,tornado,sector_model,DY _ HH2,-0.39895315,0,-0.001892022,-1.35E-05,-0.000171134,-0.000110176,0,-0.000454187,-0.001965552,-0.002905053,0,-0.000446735,-0.000648916,-0.000356353,-0.001770844,-0.000579129,-0.000655495,-0.00300953,-0.001924284,-0.000999304
Joplin,tornado,sector_model,DY _ HH3,-0.168523381,-0.000980775,-0.011972281,-0.000573526,-0.001336849,-0.00118024,-0.000368007,-0.004275305,-0.008863573,-0.013533146,-0.000383613,-0.001539007,-0.003099092,-0.00605679,-0.00500814,-0.002142436,-0.003971908,-0.018483522,-0.011870114,-0.006026605
Joplin,tornado,sector_model,DY _ HH4,-0.288629041,-0.002263736,-0.016043518,-0.00090988,-0.001040167,-0.00128218,-0.00119305,-0.00484569,-0.007361508,-0.013810668,-0.000166518,-0.001383663,-0.004280124,-0.007397051,-0.00283042,-0.001516932,-0.004240349,-0.019187826,-0.012360285,-0.006345232
Joplin,tornado,sector_model,DY _ HH5,-0.38131761,0,-0.012549087,-0.000662785,-0.001311584,-0.001223308,-0.001264453,-0.001968029,-0.001692533,-0.010439392,-0.001474658,-0.001822595,-0.00426363,-0.001212489,-0.000842435,-0.000364486,-0.001838127,-0.006660429,-0.004428809,-0.002509917