,household,value
0,HH1,12.128132620497281
1,HH2,55.340668867217374
2,HH3,260.0658068501393
3,HH4,312.7035384168168
4,HH5,230.29272756816738
