,household,value
0,HH1,12.124737965497282
1,HH2,55.32517905721738
2,HH3,259.9930146301393
3,HH4,312.6160129368168
4,HH5,230.22826881816738
