Testbed,Hazard,Model_Type,Model_Name,(Intercept),AG_MIN,UTIL_CONS,MANU,WHOLE,RETAIL,TRANS,INFO,FINANCE,REALE,PROF_MAN,ADMIN_EDU,HEALTH,ART,ACCO,OTHER,HS1,HS2,HS3,HS4
Joplin,tornado,main_model,totMIGT,-3.425133186,-0.007136988,-0.122220676,-0.041109416,-0.11861557,-0.09128461,-0.031474997,-0.049548299,-0.083566184,-0.119452636,-0.038413451,-0.039411216,-0.049565913,-0.052045105,-0.083820289,-0.030197253,-0.100130758,-0.602908845,-0.37473931,-0.171783919
Joplin,tornado,sector_model,MIGT _ HH1,0.02985792,0,-0.00330331,-0.003382054,-0.011604697,-0.008242561,-0.002179163,-0.002669527,-0.003026015,-0.003698917,-0.005622254,-0.002464006,-0.002031631,-0.001074301,-0.00406929,-0.001414036,0.000747842,0.004674522,0.00290086,0.001307941
Joplin,tornado,sector_model,MIGT _ HH2,0.875625331,-0.003675936,-0.009172421,-0.004135927,-0.013045396,-0.009369157,-0.002533481,-0.004444979,-0.007451133,-0.009628634,-0.001867129,-0.003185106,-0.004605102,-0.004109294,-0.007594001,-0.002685321,-0.012803904,-0.07692972,-0.047855941,-0.021943837
Joplin,tornado,sector_model,MIGT _ HH3,0.503556708,0,-0.040740147,-0.014783793,-0.045023076,-0.033407523,-0.008749128,-0.018248653,-0.029877044,-0.040219191,-0.009224,-0.011084716,-0.016214129,-0.01477083,-0.02913385,-0.010321391,-0.044673293,-0.268988632,-0.167369847,-0.076796912
Joplin,tornado,sector_model,MIGT _ HH4,-5.221782556,0,-0.046266397,-0.013236991,-0.034074066,-0.027477482,-0.010626214,-0.016608914,-0.031862079,-0.043653751,-0.007755954,-0.01367984,-0.018195535,-0.020039563,-0.031168437,-0.011122199,-0.033761503,-0.205393902,-0.127451266,-0.058216216
Joplin,tornado,sector_model,MIGT _ HH5,-0.358422359,-0.00277312,-0.019991124,-0.004997475,-0.01423354,-0.012429176,-0.005981306,-0.005701048,-0.009511904,-0.019389822,-0.01136656,-0.008071733,-0.007939635,-0.007090622,-0.01104843,-0.003923708,-0.00958705,-0.057143017,-0.035551683,-0.01635545