,household,value
0,HH1W,26.36709143
1,HH2W,235.6540369
2,HH3W,1297.882557
3,HH4W,2920.545247
4,HH5W,1514.630677
5,HH1B,39.26236596
6,HH2B,312.0192096
7,HH3B,804.2194034
8,HH4B,682.6302005
9,HH5B,85.98389855
10,HH1O,6.301462495
11,HH2O,69.93708717
12,HH3O,89.94230061
13,HH4O,152.8671867
14,HH5O,203.0678413
