,household,value
0,HH1WI,4.1825505144230055
1,HH2WI,27.75511719964906
2,HH3WI,132.40254128177736
3,HH4WI,528.5923264706944
4,HH5WI,661.2286904399475
5,HH1BI,1.9615684531149353
6,HH2BI,14.609137897232785
7,HH3BI,46.08781041493476
8,HH4BI,50.904807907052046
9,HH5BI,86.62422716363147
10,HH1HI,1.6686548020442555
11,HH2HI,17.520851771648974
12,HH3HI,62.56686345109986
13,HH4HI,153.91574700925264
14,HH5HI,40.6399681284024