,dsc,dsr,mig,emp,hhinc
0,-8816.170357543442,-1260.8078390997312,-16474.227160765677,-33428.71606476627,-105.27516446265338
