,sector,baseKAP
0,IAGMIN,2.879828
1,IUTIL,80.72537
2,ICONS,88.58714
3,IMANU,130.5496
4,IWHOLE,39.5624
5,IRETAIL,742.6952
6,ITRANS,39.27621
7,IPROFSER,341.1937
8,IREALE,132.2719
9,IEDU,176.2316
10,IHEALTH,131.416
11,IART,35.09628
12,IACCO,267.9408
13,HS1I,213.4641
14,HS2I,2131.946
15,HS3I,3014.367