,sector,value
0,IAGMIN,26.064447631995677
1,IUTIL,84.81370071695423
2,ICONS,291.79576952083335
3,IMANU,440.35530195570703
4,IWHOLE,64.65338532958941
5,IRETAIL,356.86376204758966
6,ITRANS,281.26804850165524
7,IPROFSER,948.256366107271
8,IREALE,97.187606409566
9,IEDU,924.2455605978936
10,IHEALTH,382.89528904896514
11,IART,73.13266971492719
12,IACCO,228.08754683309127
13,HS1I,74.99925734799999
14,HS2I,233.38964769
15,HS3I,471.86808090000005
